Test Case,Run,Start Time,End Time
T1,R1,1721158920,1721159160
T1,R2,1721159340,1721159520
T1,R3,1721159700,1721159940
T1,R4,1721160060,1721160180
T2,R1,1721160780,1721161560
T2,R2,1721162400,1721162760
T2,R3,1721162940,1721163180
T3,R1,1721236560,1721237340
T3,R2,1721239920,1721240880
T3,R3,1721241000,1721242140
T3,R4,1721242800,1721243280
T3,R5,1721243340,1721243880
T3,R6,1721244060,1721244600
T3,R7,1721244660,1721245260
T3,R8,1721245320,1721246100
T4,R1,1721224440,1721225100
T4,R2,1721229600,1721229840
T4,R3,1721229960,1721230260
T4,R4,1721230680,1721230860
T4,R5,1721230980,1721231100
T5,R1,1721231340,1721231580
T5,R2,1721231760,1721232000
T6,R1,1721232300,1721233260
T6,R2,1721235600,1721236140
T6,R3,1721236200,1721236440
T6,R4,1721245980,1721246700
T6,R5,1721246760,1721247180
T6,R6,1721247180,1721247960
T6,R7,1721248320,1721249100
T6,R8,1721249160,1721249760
T6,R9,1721249760,1721250420
T7,R1,1721401140,1721402460
T7,R2,1721406840,1721407560
T7,R3,1721407560,1721408100
T8,R1,1721408820,1721409000
T8,R2,1721409000,1721409060
T9,R1,1721419500,1721419620
T9,R2,1721419620,1721419800
T9,R3,1721419800,1721420700
T9,R4,1721420700,1721420820
T10,R1,1721416860,1721417460
T10,R2,1721418180,1721418360
T11,R1,1721410200,1721411220
T11,R2,1721788920,1721747340
T12,R1,1721749800,1721749920
T12,R2,1721750040,1721750160
T13,R1,1721315460,1721316300
T13,R2,1721322540,1721322900
T13,R3,1721323380,1721323920
T13,R4,1721323980,1721324520
T13,R5,1721324580,1721324760
T14,R1,1721325720,1721326320
T14,R2,1721326500,1721327220
T14,R3,1721327280,1721327940
T15,R1,1721328600,1721329440
T15,R3,1721331060,1721332080
T15,R4,1721332200,1721332800
T15,R5,1721332980,1721333700
T15,R6,1721333760,1721334360
T15,R8,1722437520,1722438900
T15,R7,1722439440,1722440040
T15,R9,1722440100,1722440700
T15,R10,1722440760,1722441180
T15,R11,1722441240,1722441600
T16,R1,1721665200,1721665500
T16,R2,1721668080,1721668260
T16,R3,1721668320,1721668380
T16,R4,1721668500,1721668620
T17,R1,1721668680,1721668680
T17,R2,1721668740,1721668800
T18,R1,1721673600,1721674800
T18,R2,1721674920,1721676960
T18,R3,1721677020,1721677680
T18,R4,1721677740,1721678160
T18,R5,1721678340,1721678580
T19,R1,1721755800,1721755980
T19,R2,1721756160,1721756340
T19,R3,1721756400,1721756520
T19,R4,1721756580,1721756760
T19,R5,1721756880,1721757120
T20,R1,1721927460,1721928000
T20,R2,1721928180,1721928660
T20,R3,1721928720,1721929320
T20,R4,1721929620,1721929800
T20,R5,1721930160,1721930400
T20,R6,1722010920,1722011400
T20,R7,1722012060,1722012540
T20,R8,1722012660,1722013080
T20,R9,1722013260,1722013920
T20,R10,1722015300,1722016740
T20,R11,1722016980,1722017760
T20,R12,1722017820,1722018300
T20,R13,1722018300,1722018600
